transaction_id,merchant_id,amount,currency,settled_at,processor_reference,status
5c15f521-a5d2-48f3-a65f-d54a6de6ff00,MERCH_023,13266.42,BRL,2025-03-16T13:35:13+00:00,PS-2025-54504189,SETTLED
cf05aa95-b75e-4842-bea4-0d9976d9b21b,MERCH_010,40914.59,BRL,2025-03-16T03:52:18Z,PS-2025-28687147,SETTLED
7cf5c020-8301-4ff6-a853-b44e706d6284,MERCH_012,21765.93,BRL,2025-03-16T15:21:19Z,PS-2025-16665217,SETTLED
6ed0712e-21d5-4816-8d46-ffccd0667a5a,MERCH_008,24605.55,BRL,2025-03-16T11:54:29Z,PS-2025-20140494,SETTLED
4603f417-88d3-44c7-8353-bc38ec1b2c95,MERCH_043,37403.06,BRL,2025-03-16T12:34:19Z,PS-2025-52323961,SETTLED
d023b933-5842-45da-a94f-d764fcd71e7a,MERCH_048,14599.25,BRL,2025-03-16T01:39:38Z,PS-2025-47279846,SETTLED
9706aa45-7dcb-4359-8dc9-2af9a494debb,MERCH_035,11152.27,BRL,2025-03-16T05:28:45Z,PS-2025-71438610,SETTLED
9490674d-1e27-4104-8acf-0efc5f7281c4,MERCH_006,24635.33,BRL,2025-03-16T14:49:28Z,PS-2025-79014787,SETTLED
b9ae119e-c66c-4cd3-a06c-6140714809cc,MERCH_020,29982.41,BRL,2025-03-16T18:19:36,PS-2025-53623487,SETTLED
43f8028b-079d-479e-adc4-b0f06c05c9ae,MERCH_020,9192.85,BRL,2025-03-16T02:02:19Z,PS-2025-20362848,SETTLED
1432c73b-b3fd-4a33-b4dc-e5d945e712d4,MERCH_037,47275.04,BRL,2025-03-16T07:47:16,PS-2025-68685794,SETTLED
71deafed-42ee-4391-8d9e-b0b0495b99fe,MERCH_025,48255.17,BRL,2025-03-16T13:59:14Z,PS-2025-61531052,SETTLED
31edd5b5-5d68-4e23-a958-14bbdd94025f,MERCH_015,35314.14,BRL,2025-03-16T13:42:01Z,PS-2025-27247299,SETTLED
b5497d29-9f1b-4015-b4b2-efab70273557,MERCH_011,13881.05,BRL,2025-03-16T22:10:40Z,PS-2025-18545499,SETTLED
d8243044-9d35-42e8-9a38-a256b97219b6,MERCH_006,"R$ 873,16",BRL,2025-03-16T06:30:33Z,PS-2025-58147073,REVERSED
b05c73d5-a625-4672-a552-5f80d4a2dc89,MERCH_029,24669.74,BRL,2025-03-16T03:31:40Z,PS-2025-80490297,SETTLED
74c43da9-b197-4daf-a751-7b8934773e6f,MERCH_012,4765.04,BRL,2025-03-16T00:35:32Z,PS-2025-46866059,SETTLED
85063303-04fe-48a7-be8f-e20423c7f748,MERCH_022,2616.01,BRL,2025-03-16T06:37:02Z,PS-2025-73358574,SETTLED
a28c1832-b804-470d-97ec-c6f41acfb2d9,MERCH_015,2699.47,BRL,2025-03-16T12:07:46Z,PS-2025-28986566,SETTLED
9293a7d2-79d9-4c08-bf44-90d05bd797b1,MERCH_003,7865.06,BRL,2025-03-16T05:45:01Z,PS-2025-97710027,SETTLED
b7e8cac7-36b8-47b0-9280-4bfd664976e7,MERCH_040,44895.75,BRL,2025-03-16T20:38:56Z,PS-2025-14531191,SETTLED
4bf06f09-9073-4189-82ec-e1ef62b00320,MERCH_028,8024.04,BRL,2025-03-16T10:42:23Z,PS-2025-89353203,SETTLED
6b7980e2-5a82-4835-98e1-5cd09fae3540,MERCH_012,43950.72,BRL,2025-03-16T10:26:37Z,PS-2025-25087236,SETTLED
0e5c1504-04f6-45f9-ad3f-64c31ac7b2ac,MERCH_022,40570.04,BRL,2025-03-16T00:57:34Z,PS-2025-12428651,SETTLED
a5dc8b31-1d61-4f91-ad74-6c02eea05baa,MERCH_009,21553.03,BRL,2025-03-16T02:39:39Z,PS-2025-30428651,SETTLED
359764aa-0797-402f-b0dd-00c27bdfaf85,MERCH_047,3105.71,BRL,2025-03-16T15:17:37+00:00,PS-2025-19782015,REVERSED
fd9fda52-6e0a-405f-9196-62f64fa501b5,MERCH_014,43230.65,BRL,2025-03-16T23:23:09+00:00,PS-2025-51672868,SETTLED
81990752-1254-43fb-a9ac-a0f2a582fed4,MERCH_034,25580.63,BRL,2025-03-16T23:56:15Z,PS-2025-74487117,SETTLED
d8edf75b-86d0-4774-857c-ff50ac4303a7,MERCH_001,3147.66,BRL,2025-03-16T19:07:00Z,PS-2025-85584413,SETTLED
07699458-f6e8-401f-8f64-620e555be6b2,MERCH_002,31575.74,BRL,2025-03-16T04:35:58Z,PS-2025-94197247,SETTLED
0dedc020-5e29-40cf-ba00-f9484b604026,MERCH_003,27962.21,BRL,2025-03-16T02:25:51Z,PS-2025-35855792,SETTLED
64191b88-6130-4013-bb15-94b57b153bb9,MERCH_025,43441.93,BRL,2025-03-16T13:54:44Z,PS-2025-72157065,SETTLED
65eaef2f-1c0a-4f8e-8429-6ecb33ffdc76,MERCH_007,12910.14,BRL,2025-03-16T20:10:34Z,PS-2025-40509683,SETTLED
31dfd41e-6dde-44dc-939c-71fcc27e6a0f,MERCH_005,18067.87,BRL,2025-03-16T11:25:51,PS-2025-38831688,SETTLED
c5a4932f-7b17-471c-a6b0-b88552d26cb6,MERCH_021,9994.72,BRL,2025-03-16T23:12:24Z,PS-2025-48398260,SETTLED
647f9090-9bf8-4b68-9777-9e8d1d5fe015,MERCH_036,40453.93,BRL,2025-03-16T01:05:24Z,PS-2025-42926044,SETTLED
f0a34be0-d7e0-42c5-a3f0-1ae064427cc7,MERCH_008,32669.96,BRL,2025-03-16T02:46:59+00:00,PS-2025-66217126,SETTLED
d77e48f2-8994-4bab-8d21-641e10070c6f,MERCH_028,18867.62,BRL,2025-03-16T01:53:54Z,PS-2025-83758671,SETTLED
51b2c135-caf7-4a81-a68d-37712c5a1cd0,MERCH_013,13728.03,BRL,2025-03-16T18:09:19Z,PS-2025-90722659,SETTLED
f7670e2b-b14a-4aac-b52e-96256395a3b3,MERCH_021,2585.48,BRL,2025-03-16T09:50:46Z,PS-2025-38182016,SETTLED
3c899275-8bd8-4db2-abe0-db91c0bd812b,MERCH_011,31477.31,BRL,2025-03-16T11:44:13Z,PS-2025-66560392,REVERSED
bb770b3b-7f86-4712-be00-1008c2cc77e2,MERCH_014,30861.75,BRL,2025-03-16T15:59:17Z,PS-2025-34804490,SETTLED
f4025416-0ac1-4ea0-96ff-ed5b1782ae28,MERCH_007,52.15,BRL,2025-03-16T14:25:03Z,PS-2025-50437430,SETTLED
b7485777-a092-40cc-80d4-cb8462399a2f,MERCH_043,1628.02,BRL,2025-03-16T07:20:40Z,PS-2025-85805745,SETTLED
7246d7ee-ef3b-4fae-888a-eef32d4998fc,MERCH_006,16127.01,BRL,2025-03-16T20:07:50Z,PS-2025-11548620,REVERSED
ecbae63e-084b-4f5a-bb26-da7a6d4b7392,MERCH_041,34978.62,BRL,2025-03-16T08:14:43Z,PS-2025-39512907,SETTLED
4d6bf9d5-922c-4e3f-9760-9bb1b60bb135,MERCH_040,15167.04,BRL,2025-03-16T20:47:08Z,PS-2025-42715893,SETTLED
4a2e2319-f47e-44a1-9e7c-e21758e32414,MERCH_009,17470.32,BRL,2025-03-16T10:48:35Z,PS-2025-31567333,SETTLED
55baee37-1bf7-4784-ace7-ba8692bc8cc9,MERCH_023,37452.18,BRL,2025-03-16T19:05:58Z,PS-2025-49829248,SETTLED
78228c00-ea30-4310-9880-b3e2e833801d,MERCH_005,11096.54,BRL,2025-03-16T23:03:29,PS-2025-67320744,SETTLED
efce045b-0ad8-44d8-9075-df612a6f0bd0,MERCH_008,18905.16,BRL,2025-03-16T11:26:35Z,PS-2025-80496099,SETTLED
47e6d9a1-c9f0-40aa-a045-f1decd69f8b0,MERCH_017,11160.33,BRL,2025-03-16T14:32:14Z,PS-2025-56833660,SETTLED
04a93520-d3c6-4f49-8ff1-9e6944e4103c,MERCH_020,13928.28,BRL,2025-03-16T15:26:16Z,PS-2025-49795077,SETTLED
9bc81630-cd88-4332-b3be-5924ad2eee14,MERCH_031,5332.16,BRL,2025-03-16T10:16:29Z,PS-2025-51489399,REVERSED
1afb12ff-a212-4c70-89f6-0611b3bd3fa2,MERCH_035,34849.47,BRL,2025-03-16T12:54:07Z,PS-2025-55205643,SETTLED
448e7c67-f6fa-4add-bbb2-15e858f757b3,MERCH_030,38026.79,BRL,2025-03-16T18:42:41Z,PS-2025-30669385,SETTLED
25fa5b46-2d56-46e2-854f-4c51454d18d0,MERCH_013,8474.35,BRL,2025-03-16T15:58:49Z,PS-2025-91358784,SETTLED
74c55dff-25d6-44a7-a3d7-72643d0b5e08,MERCH_014,34985.69,BRL,2025-03-16T10:30:39Z,PS-2025-46097873,SETTLED
9714e61e-c18a-4148-9307-6e7a18349e35,MERCH_007,40916.3,BRL,2025-03-16T23:23:31Z,PS-2025-24542266,SETTLED
243bfba2-d1c0-4296-ae32-0e82efe1da8c,MERCH_033,"R$ 32.245,91",BRL,2025-03-16T12:16:55Z,PS-2025-18053170,SETTLED
a81ab9b4-e55b-4272-8955-97a855649aff,MERCH_022,9939.9,BRL,2025-03-16T16:16:04Z,PS-2025-26730148,SETTLED
c38c9684-5168-45c9-8656-1a45dfe7cdcc,MERCH_040,49550.27,BRL,2025-03-16T11:01:45Z,PS-2025-57693567,SETTLED
a7a1bc22-9423-4d9d-a52d-66056822ae25,MERCH_016,33633.74,BRL,2025-03-16T08:41:15Z,PS-2025-62847572,SETTLED
7f61e988-ad2c-4301-a6db-157cd615210d,MERCH_019,2230.33,BRL,2025-03-16T13:55:46Z,PS-2025-67859244,SETTLED
120ab40e-fb83-4b5d-8c2d-55593cae6cca,MERCH_049,30229.27,BRL,2025-03-16T03:05:15Z,PS-2025-90478491,SETTLED
68af6bc4-fa4a-4d30-afa7-72e744c47fc6,MERCH_030,47600.25,BRL,2025-03-16T07:26:39Z,PS-2025-73365536,SETTLED
b2ec31c9-469e-4442-97ba-3fefb9f10fbb,MERCH_008,19209.55,BRL,2025-03-16T15:32:07Z,PS-2025-15628343,SETTLED
f809f136-6671-47e6-999c-f5f2ddfd321d,MERCH_010,"R$ 23.696,77",BRL,2025-03-16T21:37:37Z,PS-2025-73427036,SETTLED
8ae4634b-2aa0-460b-a613-fd954d86cdd7,MERCH_044,49390.66,BRL,2025-03-16T11:39:27Z,PS-2025-58518736,SETTLED
fd7f1000-bf5b-4b77-b416-981af977ead2,MERCH_043,28982.72,BRL,2025-03-16T07:55:53Z,PS-2025-84014080,SETTLED
5820a529-a68f-493b-b955-ab643945a285,MERCH_001,27669.39,BRL,2025-03-16T11:10:43Z,PS-2025-77742871,SETTLED
9be171b2-ad6c-4743-85dc-059ce8e58e50,MERCH_013,20003.11,BRL,2025-03-16T15:52:35Z,PS-2025-47726289,SETTLED
0bc6d763-a996-46fc-8e21-1a5e5fdd170b,MERCH_013,40781.74,BRL,2025-03-16T06:36:31Z,PS-2025-34213769,SETTLED
fa9841e0-4e4b-4e28-81bd-226b8a6b09c4,MERCH_026,14178.28,BRL,2025-03-16T15:28:03Z,PS-2025-87918501,SETTLED
ad3cb288-a352-4dd7-84b1-4c880cf3cd5b,MERCH_010,3839.82,BRL,2025-03-16T09:05:57Z,PS-2025-15867922,SETTLED
dc467092-48b5-41c5-80c5-e8841e9cfcd6,MERCH_045,22756.66,BRL,2025-03-16T02:37:23Z,PS-2025-80703020,SETTLED
c59638a0-f378-4e9a-a383-7d8d7a57bad1,MERCH_035,25114.5,BRL,2025-03-16T07:43:15Z,PS-2025-46586258,SETTLED
3a207b0b-cce3-4b77-9cc2-4dcec6cfe415,MERCH_016,30359.03,BRL,2025-03-16T19:12:54Z,PS-2025-52538880,SETTLED
94fdf6f0-22cf-4ca6-a3e0-91eb17f57d02,MERCH_049,5880.27,BRL,2025-03-16T16:19:43Z,PS-2025-80298247,SETTLED
6d5ab25c-e52a-467b-97d7-77db2afc889c,MERCH_040,"R$ 9.087,52",BRL,2025-03-16T05:23:55Z,PS-2025-15295236,SETTLED
0f6bbd0b-c221-46c2-a46a-94977afd3738,MERCH_048,42024.44,BRL,2025-03-16T10:48:38Z,PS-2025-60748656,SETTLED
42735e1b-6232-429c-9013-7648de6c8f47,MERCH_038,29345.17,BRL,2025-03-16T17:18:06Z,PS-2025-88972473,SETTLED
5238fd84-7509-4ed3-b1c0-b69316e71460,MERCH_005,34648.14,BRL,2025-03-16T15:54:10Z,PS-2025-90145249,REVERSED
272c04eb-4192-4978-9d90-070ac813cbfa,MERCH_041,4607.57,BRL,2025-03-16T17:32:00Z,PS-2025-72685550,SETTLED
0c29bf22-0466-422b-99dd-a499cffc09ba,MERCH_045,28269.96,BRL,2025-03-16T01:19:45Z,PS-2025-38081593,REVERSED
30e3b1cc-1dae-4730-9bc0-caf659fd8dd0,MERCH_023,30901.29,BRL,2025-03-16T06:21:11Z,PS-2025-15167621,SETTLED
516ff4e3-5c82-43c8-8b7b-216bb69a0744,MERCH_002,7058.75,BRL,2025-03-16T08:26:06Z,PS-2025-32662988,SETTLED
82c45066-e153-47a9-9637-24a0d553a9bc,MERCH_044,47001.29,BRL,2025-03-16T20:07:56Z,PS-2025-80673067,REVERSED
3dbb7246-b68c-44fa-b9ab-3e2842981676,MERCH_011,9764.68,BRL,2025-03-16T19:39:16Z,PS-2025-59598894,SETTLED
85f59368-c498-4594-bd58-7e84bb0d8231,MERCH_006,29446.72,BRL,2025-03-16T04:42:43Z,PS-2025-64193609,SETTLED
512269ff-db80-4f39-af6c-abebf0f782da,MERCH_039,"R$ 20.613,07",BRL,2025-03-16T03:35:50Z,PS-2025-44026103,SETTLED
74bcf04e-4d2b-474f-8303-eb24a94094f0,MERCH_050,41463.27,BRL,2025-03-16T12:09:01Z,PS-2025-85603021,SETTLED
20b235f7-c806-4c87-9e2c-bc27bb3efe46,MERCH_007,38132.75,BRL,2025-03-16T05:05:55Z,PS-2025-96588420,SETTLED
fcc8d4b7-bcd2-44da-9cc3-95cf88a3d956,MERCH_007,48343.01,BRL,2025-03-16T10:21:12Z,PS-2025-80801688,SETTLED
7f61e988-ad2c-4301-a6db-157cd615210d,MERCH_019,2230.33,BRL,2025-03-16T13:55:46Z,PS-2025-67859244,SETTLED
cf262e81-b012-470f-91cf-5fe5640265fa,MERCH_043,21290.84,BRL,2025-03-16T02:57:53+00:00,PS-2025-11828652,SETTLED
a59285cc-155a-4c74-b18f-b1aed203f984,MERCH_046,40867.33,BRL,2025-03-16T09:29:32Z,PS-2025-19127329,SETTLED
1727b676-459e-4b04-8a75-7d4300e72d94,MERCH_015,35107.61,BRL,2025-03-16T15:55:43Z,PS-2025-23317762,SETTLED
0357cfab-999f-4aa0-90d4-8d5338a9318c,MERCH_045,7397.53,BRL,2025-03-16T23:52:44Z,PS-2025-74214057,SETTLED
b50ec4db-83a6-46cd-9242-ff64618365c3,MERCH_016,7408.59,BRL,2025-03-16T04:35:52Z,PS-2025-65471370,SETTLED
dc3216d8-8aa3-41e9-b52a-38b6166f966f,MERCH_001,13991.69,BRL,2025-03-16T07:59:01Z,PS-2025-98223673,REVERSED
8aaa3282-b781-4879-9eeb-ea330ba92351,MERCH_013,7139.7,BRL,2025-03-16T03:32:47Z,PS-2025-21699448,SETTLED
c9ee3981-da52-4687-b412-9613be88236e,MERCH_015,28726.18,BRL,2025-03-16T07:17:37Z,PS-2025-87424312,SETTLED
63a8b4a9-c965-4345-a79d-995e54be3978,MERCH_022,41496.42,BRL,2025-03-16T03:04:56Z,PS-2025-23072680,SETTLED
9490674d-1e27-4104-8acf-0efc5f7281c4,MERCH_006,24635.33,BRL,2025-03-16T14:49:28Z,PS-2025-79014787,SETTLED
3dd25389-6247-410a-9126-a0b6945ae47d,MERCH_017,21482.43,BRL,2025-03-16T17:09:47Z,PS-2025-47387408,SETTLED
26c1e170-7621-4845-8b65-b198cc09cad7,MERCH_046,31698.95,BRL,2025-03-16T01:51:35Z,PS-2025-21191907,SETTLED
031565b2-e45f-4415-957f-315da120a951,MERCH_018,22246.79,BRL,2025-03-16T20:47:43Z,PS-2025-24712259,SETTLED
93023cc0-d1b4-4475-ab72-33139b065682,MERCH_042,9133.22,BRL,2025-03-16T04:13:58+00:00,PS-2025-94104175,SETTLED
f2f1541e-93a6-42f8-9c16-5514ef33b9b0,MERCH_029,30908.8,BRL,2025-03-16T21:36:03Z,PS-2025-86744869,SETTLED
58afe3a4-6e4f-457f-a163-e9eff991a785,MERCH_029,6568.57,BRL,2025-03-16T12:25:49Z,PS-2025-67834613,SETTLED
e0208d9c-cf3a-4673-bc60-b22e8e0fec70,MERCH_030,44180.31,BRL,2025-03-16T18:49:11Z,PS-2025-66642693,SETTLED
d6bbb894-2ae8-4f29-9fd7-0fa1c28d7fa9,MERCH_013,"R$ 5.744,30",BRL,2025-03-16T22:42:24Z,PS-2025-26244964,SETTLED
7f107383-cdd1-4aa1-9885-0eafefdd29eb,MERCH_034,18055.96,BRL,2025-03-16T00:23:18Z,PS-2025-54084020,SETTLED
043c9c26-dd77-4db3-ab07-ece92d011e04,MERCH_041,9844.4,BRL,2025-03-16T05:11:36,PS-2025-39374592,SETTLED
2144dcb0-c224-417a-812e-050c9d19455f,MERCH_039,36105.09,BRL,2025-03-16T05:47:55Z,PS-2025-64538931,SETTLED
75462b14-0e6b-4f51-9697-fe9a06b2ed1a,MERCH_036,35216.18,BRL,2025-03-16T01:35:56,PS-2025-86796822,SETTLED
4b15ec04-336b-4959-9bb9-a403ecbd7f90,MERCH_015,39048.29,BRL,2025-03-16T09:40:32Z,PS-2025-85916242,SETTLED
e6e5e9c9-8f40-430c-9bfb-3e69e0af30c9,MERCH_034,44377.06,BRL,2025-03-16T22:17:52+00:00,PS-2025-15602379,SETTLED
7a0ca2e8-8f04-45ba-b837-f9604668516f,MERCH_003,44860.46,BRL,2025-03-16T03:38:42Z,PS-2025-25087493,SETTLED
2fb7998d-4b19-4a52-83a7-d06ab60801ae,MERCH_005,34261.31,BRL,2025-03-16T11:24:19Z,PS-2025-72619624,SETTLED
e4886526-d9ca-4db6-9868-f468c0f81876,MERCH_048,47071.94,BRL,2025-03-16T16:08:55Z,PS-2025-97730595,SETTLED
31c357be-22db-45af-96e0-3034beb61258,MERCH_012,30997.62,BRL,2025-03-16T23:40:52Z,PS-2025-28697002,SETTLED
14b2b6f8-4247-48cb-bd0d-b147567c32e6,MERCH_027,23042.45,BRL,2025-03-16T06:31:26Z,PS-2025-69330327,SETTLED
3b5cc476-6d03-4026-8ceb-8670e13d73df,MERCH_027,47979.67,BRL,2025-03-16T04:07:12Z,PS-2025-27117558,SETTLED
6dcf3462-f11b-463d-b2b2-069c30c301f4,MERCH_011,22017.85,BRL,2025-03-16T12:38:41Z,PS-2025-15003131,SETTLED
200d41fa-eebd-4c40-8495-5e4a563e5353,MERCH_018,15730.48,BRL,2025-03-16T14:29:44Z,PS-2025-27383462,SETTLED
f7bc3ebe-28cf-4c70-ae8e-392c3e01e1e4,MERCH_009,14201.55,BRL,2025-03-16T00:51:08Z,PS-2025-60369810,SETTLED
42f08a7c-c3e7-418a-a966-648e75a17f8f,MERCH_038,721.49,BRL,2025-03-16T17:37:18Z,PS-2025-51514655,SETTLED
015da59f-1bc5-403e-8a06-b7b3ace3b0a1,MERCH_033,30577.99,BRL,2025-03-16T04:51:52Z,PS-2025-11396963,SETTLED
4aed26b8-de8f-4a28-81d6-90c43c9180f4,MERCH_002,29065.87,BRL,2025-03-16T23:03:57Z,PS-2025-66457460,SETTLED
11fb7391-5519-4e52-8622-bf46781bfc33,MERCH_013,10406.54,BRL,2025-03-16T13:09:29+00:00,PS-2025-65531931,SETTLED
54cd3e05-5edb-4dc3-8cb6-0d672089ccff,MERCH_006,8673.37,BRL,2025-03-16T10:59:46Z,PS-2025-87600317,SETTLED
93c9ee3c-a528-452d-995c-322476f9c361,MERCH_006,46749.44,BRL,2025-03-16T01:53:02Z,PS-2025-87759654,SETTLED
3421dfd5-c10c-4222-82ce-67b04b54a0b8,MERCH_036,21595.55,BRL,2025-03-16T22:52:08Z,PS-2025-34258202,SETTLED
12e4c673-e71d-4577-9837-b5427b848a10,MERCH_003,7072.46,BRL,2025-03-16T01:05:56Z,PS-2025-65900995,REVERSED
63a4f8f3-292c-479c-8c23-b502e73ad2f5,MERCH_045,26164.08,BRL,2025-03-16T16:58:41Z,PS-2025-31824718,SETTLED
5814324c-1523-436b-9300-3617a544b493,MERCH_008,"R$ 45.609,23",BRL,2025-03-16T15:07:12Z,PS-2025-29780540,SETTLED
8114b390-f3a1-4d1f-a1cf-d3259925b936,MERCH_019,22637.52,BRL,2025-03-16T17:20:21Z,PS-2025-21283250,SETTLED
58b92f96-7d9f-43a1-aee9-d774508b5cab,MERCH_021,24418.07,BRL,2025-03-16T04:30:48,PS-2025-64899510,SETTLED
00b3b3f9-f305-4cc9-afec-9d9b81c513ca,MERCH_040,12209.01,BRL,2025-03-16T20:56:38Z,PS-2025-58582114,SETTLED
729f1dd8-aa73-47f4-b279-0ff1ed4a3956,MERCH_004,12033.77,BRL,2025-03-16T04:27:19Z,PS-2025-47653656,SETTLED
27eb867b-05f2-49de-ba96-5a0e4d9da9ad,MERCH_031,"R$ 20.733,69",BRL,2025-03-16T00:09:04+00:00,PS-2025-60251887,SETTLED
b00f633f-2dde-40c7-aae2-6b63f7eb591e,MERCH_002,36602.76,BRL,2025-03-16T01:47:20Z,PS-2025-64048419,SETTLED
596b5e36-7ec7-4eb4-b7f2-a2cb323cfcf4,MERCH_005,39249.35,BRL,2025-03-16T01:54:40Z,PS-2025-20071990,SETTLED
fcece21e-0dbb-4fa4-82fb-d939d333b704,MERCH_022,29434.99,BRL,2025-03-16T08:40:17Z,PS-2025-81969904,SETTLED
6403b91d-46ce-41be-a20d-945fb528c585,MERCH_014,28998.74,BRL,2025-03-16T18:26:56Z,PS-2025-18162164,SETTLED
c367ac77-22e9-4eef-9b2a-8d1aaae8608e,MERCH_046,41389.41,BRL,2025-03-16T00:51:49Z,PS-2025-15356154,SETTLED
d8649c9e-5ab4-4e6d-b6a5-bfff6b33b3da,MERCH_046,1451.56,BRL,2025-03-16T03:46:56Z,PS-2025-33744145,SETTLED
3f3d465a-8974-480d-be89-9de42b60dda3,MERCH_049,42209.98,BRL,2025-03-16T17:14:28Z,PS-2025-34003439,SETTLED
9bc0f566-dc50-4cfd-b52b-24d5406f34fc,MERCH_040,12975.11,BRL,2025-03-16T06:26:54,PS-2025-57667842,SETTLED
3b398944-98a0-468a-9325-05c53c309cd8,MERCH_039,5019.38,BRL,2025-03-16T12:15:28Z,PS-2025-72658369,SETTLED
163ba4e1-228a-4a45-a93b-ec48999b90d5,MERCH_008,14680.74,BRL,2025-03-16T09:12:49Z,PS-2025-81202261,SETTLED
39d7e424-507d-4577-a226-7acfa2919b48,MERCH_034,769.02,BRL,2025-03-16T08:40:24Z,PS-2025-21480563,SETTLED
d77e1f0f-ba90-477b-972f-62a304612311,MERCH_044,34402.2,BRL,2025-03-16T06:29:05Z,PS-2025-41503019,SETTLED
833c4b73-72fd-40f4-a01a-6226e124e82f,MERCH_003,1623.0,BRL,2025-03-16T14:12:06Z,PS-2025-94742934,SETTLED
152ec8b7-7789-4d8a-878b-dbf6d6fd1090,MERCH_047,48212.08,BRL,2025-03-16T17:09:42Z,PS-2025-16089390,SETTLED
2f8969c0-074b-4c1d-862c-bc944265bda4,MERCH_011,32520.35,BRL,2025-03-16T18:04:49Z,PS-2025-40568777,SETTLED
8ee2ebb8-8fcf-48d7-ac6c-8ec539b17573,MERCH_010,38149.12,BRL,2025-03-16T19:23:37Z,PS-2025-23196701,SETTLED
6cac9a93-46cc-428d-ae8f-1313e190b7c4,MERCH_011,35258.13,BRL,2025-03-16T15:46:43Z,PS-2025-84916347,SETTLED
f5eeb61b-fabf-4e5a-850f-77dc03c3e33f,MERCH_011,9071.21,BRL,2025-03-16T22:00:49Z,PS-2025-37801369,REVERSED
2c950b21-9b7b-40d1-897a-76f16bce8b2e,MERCH_049,16028.64,BRL,2025-03-16T23:38:38Z,PS-2025-47486955,SETTLED
e88aada9-c612-45ea-b380-d9a08dcf9622,MERCH_014,44826.59,BRL,2025-03-16T03:32:43Z,PS-2025-30157712,SETTLED
b436a2a7-af3c-4d89-9fb0-52f1e8317b21,MERCH_021,"R$ 47.401,20",BRL,2025-03-16T16:00:24Z,PS-2025-37995717,SETTLED
7b9636c9-10e3-4a72-8c0c-07fc3eb12b14,MERCH_003,34839.12,BRL,2025-03-16T20:49:19Z,PS-2025-71128254,SETTLED
322af8e0-f95e-46cb-8a03-9d50a9f04e7a,MERCH_005,4701.45,BRL,2025-03-16T06:49:58Z,PS-2025-93882424,SETTLED
bc61b6aa-ce4e-480c-8bf8-ec549f363ce2,MERCH_004,16361.2,BRL,2025-03-16T15:29:18Z,PS-2025-85181407,SETTLED
0403ea3e-c845-4c29-a4ec-31a32d5d968e,MERCH_029,10884.12,BRL,2025-03-16T06:09:55Z,PS-2025-43115824,SETTLED
188b3c69-c14c-4289-aff5-4166a11d9863,MERCH_013,19616.58,BRL,2025-03-16T17:50:54Z,PS-2025-22956471,SETTLED
f8e436af-fbb3-4541-b2ac-0e40492dd24c,MERCH_031,12101.76,BRL,2025-03-16T21:57:49Z,PS-2025-96084467,SETTLED
f7c720b4-3c75-45c9-9b11-ce04f56af123,MERCH_013,14743.39,BRL,2025-03-16T10:29:42Z,PS-2025-89600725,SETTLED
81913d4b-7872-4795-b4ea-ab37247a222c,MERCH_049,26156.91,BRL,2025-03-16T12:42:05Z,PS-2025-32880719,SETTLED
5e3e85e9-b42c-416c-b6aa-b7e4711ab6eb,MERCH_030,26662.48,BRL,2025-03-16T19:06:58Z,PS-2025-81252175,SETTLED
09c0fa29-1cf4-43f1-a5a7-4fb28a20dad4,MERCH_040,31735.19,BRL,2025-03-16T06:37:57Z,PS-2025-63252708,SETTLED
88d0cbb2-01ed-4c23-9d7d-31321fd2e011,MERCH_035,49496.77,BRL,2025-03-16T00:52:16Z,PS-2025-62091796,SETTLED
10980b19-85e8-4c2f-aaf8-5437a541bd2e,MERCH_033,25166.98,BRL,2025-03-16T00:06:47Z,PS-2025-50979918,SETTLED
73bf62fe-5410-4d22-ac37-fe4ace354307,MERCH_033,46831.71,BRL,2025-03-16T21:27:54+00:00,PS-2025-89665373,SETTLED
522d27b0-6843-4656-bbb7-1353b9b404e1,MERCH_032,19910.48,BRL,2025-03-16T04:08:01Z,PS-2025-75655873,SETTLED
d4fa3ab7-e5fc-4ac6-83a7-99601494e67e,MERCH_009,11593.84,BRL,2025-03-16T14:23:54Z,PS-2025-74291216,SETTLED
d20a983d-22ad-41f5-a352-a52d1466aefe,MERCH_014,40261.88,BRL,2025-03-16T10:44:10Z,PS-2025-61570031,SETTLED
40bed144-8f4a-44ff-8359-7e952e2d7cbb,MERCH_009,27826.95,BRL,2025-03-16T12:35:27Z,PS-2025-62791522,SETTLED
9714e8f9-fac5-4eab-92aa-f32861996983,MERCH_014,31246.89,BRL,2025-03-16T17:01:00Z,PS-2025-67919082,SETTLED
01cd7c50-3e15-442d-8f5c-c47c6358757c,MERCH_028,1623.41,BRL,2025-03-16T09:34:38Z,PS-2025-17971455,SETTLED
755ec0e4-5548-4f09-ab4c-c358316f736e,MERCH_015,48162.59,BRL,2025-03-16T18:00:19Z,PS-2025-47608285,SETTLED
474ceabc-b980-4339-9ccd-6ddd4a51f0c9,MERCH_025,37832.75,BRL,2025-03-16T18:48:18Z,PS-2025-91181379,SETTLED
939f83f0-a90f-4f1d-a44e-a7620a0dc065,MERCH_001,2470.27,BRL,2025-03-16T20:07:48Z,PS-2025-31071231,SETTLED
df514581-1d38-42da-926a-c6af1799cde6,MERCH_046,47441.47,BRL,2025-03-16T04:47:41Z,PS-2025-38360899,SETTLED
6d099015-277e-413c-98eb-bc852347b1dc,MERCH_047,47879.17,BRL,2025-03-16T02:33:42Z,PS-2025-91467062,SETTLED
e7473a31-1d42-4782-94ea-87ed9a29d6de,MERCH_011,4188.94,BRL,2025-03-16T04:48:44Z,PS-2025-11811523,SETTLED
10c35803-5534-4e2d-8019-0369d2fdb03c,MERCH_030,19966.99,BRL,2025-03-16T22:15:17Z,PS-2025-24881319,SETTLED
b15daecd-f796-4615-bba9-75e72bac582c,MERCH_040,46275.78,BRL,2025-03-16T07:01:27Z,PS-2025-56022986,SETTLED
e678f8b8-1a99-4b66-b9e7-c29ce82979f8,MERCH_045,39633.07,BRL,2025-03-16T03:28:44Z,PS-2025-51901392,SETTLED
7936941c-d0b7-45e7-9068-332b6506df05,MERCH_016,12517.44,BRL,2025-03-16T23:54:20Z,PS-2025-57910133,SETTLED
0c5e3936-b09b-483c-880a-1a51df6cfd2f,MERCH_038,8942.07,BRL,2025-03-16T10:52:38Z,PS-2025-14221211,SETTLED
b3b17aaa-7e93-4425-9368-76dce2e305aa,MERCH_026,13150.14,BRL,2025-03-16T09:48:28Z,PS-2025-59766743,SETTLED
ea97d86c-16a9-44e2-a966-43ed2b7f5a01,MERCH_026,35571.98,BRL,2025-03-16T09:35:21Z,PS-2025-14573558,SETTLED
99cd3041-756a-4ec1-a0ff-372382a38380,MERCH_049,1482.68,BRL,2025-03-16T22:04:59Z,PS-2025-70332161,SETTLED
06bf6ac8-ba94-4e03-9bcc-4e43b1fcdc63,MERCH_023,42288.84,BRL,2025-03-16T00:26:39Z,PS-2025-40651479,SETTLED
9953f6c9-0320-4500-977a-6e0394e486a5,MERCH_014,42948.45,BRL,2025-03-16T06:01:50Z,PS-2025-30407950,SETTLED
f98fb94f-c824-4164-98df-df1e78a687d2,MERCH_025,20919.3,BRL,2025-03-16T23:46:43Z,PS-2025-40090623,REVERSED
ba1c7ef9-f977-49c1-bb17-83f67981f00b,MERCH_022,10768.31,BRL,2025-03-16T13:37:31Z,PS-2025-34926040,SETTLED
322e99de-98c4-4a26-8d1f-b6dc6a9c5a8d,MERCH_045,37253.85,BRL,2025-03-16T16:46:58Z,PS-2025-35102710,SETTLED
db5f939a-3f19-4d3b-8b1c-d18a4b4dc5e3,MERCH_004,49126.9,BRL,2025-03-16T04:17:45Z,PS-2025-68589370,SETTLED
35121e94-5b2e-4859-bfe1-54690010100b,MERCH_005,8559.75,BRL,2025-03-16T09:46:02Z,PS-2025-90035829,SETTLED
6d4fa4a2-37fa-4cd8-8eac-26b969ff8be4,MERCH_029,7974.9,BRL,2025-03-16T13:37:34Z,PS-2025-62888132,SETTLED
6384fdcd-455b-4d0a-a5da-916af6b19739,MERCH_046,35963.82,BRL,2025-03-16T16:52:32Z,PS-2025-61176016,SETTLED
c97500b9-d7ac-4c9c-848c-b499a0a243b2,MERCH_006,1376.98,BRL,2025-03-16T21:30:58Z,PS-2025-67384680,SETTLED
9d8b1445-87fe-4e28-8953-05348f9fe2b2,MERCH_034,7600.79,BRL,2025-03-16T21:19:58+00:00,PS-2025-53952205,SETTLED
60bdb3ab-f327-4491-99bd-f5e65900a1e3,MERCH_003,26079.84,BRL,2025-03-16T09:53:48,PS-2025-38435937,SETTLED
379218fb-4bb9-44c9-9d00-1497e265b704,MERCH_041,17079.21,BRL,2025-03-16T20:24:33Z,PS-2025-85992639,SETTLED
f1e04563-01fc-4ded-b69e-0c9fa68d5a64,MERCH_038,38145.0,BRL,2025-03-16T07:02:54Z,PS-2025-52951801,SETTLED
c156d433-0a98-445f-a205-832220fea4d5,MERCH_028,9011.42,BRL,2025-03-16T19:18:48Z,PS-2025-49207134,SETTLED
186fe351-3e12-4733-8df1-05ceb6ebf6cf,MERCH_003,24495.67,BRL,2025-03-16T07:33:41Z,PS-2025-92743681,SETTLED
229b5f4e-c759-4212-aba4-f11cdf428901,MERCH_002,15662.16,BRL,2025-03-16T22:10:27Z,PS-2025-88045796,SETTLED
a2a3a336-fb86-40c2-b777-017143c053a2,MERCH_024,21618.97,BRL,2025-03-16T04:22:00Z,PS-2025-47373355,SETTLED
1912d21b-abe9-40c0-ac95-a3e2918063c6,MERCH_046,26815.27,BRL,2025-03-16T19:26:02Z,PS-2025-66618508,SETTLED
81999fb4-90e7-4894-a78f-86e97a5d0102,MERCH_024,42625.23,BRL,2025-03-16T19:07:02Z,PS-2025-25985787,SETTLED
e2fa9866-1e9f-4121-971d-655fd752e2b0,MERCH_030,2956.06,BRL,2025-03-16T20:37:50Z,PS-2025-55347939,SETTLED
fee04d8f-2d08-4fa3-ae81-8f348b085fdf,MERCH_008,10947.05,BRL,2025-03-16T03:50:49+00:00,PS-2025-93279154,SETTLED
ea2090ef-425b-4540-b2d7-7fead928f31a,MERCH_040,13899.14,BRL,2025-03-16T14:34:15Z,PS-2025-87476147,SETTLED
f7721211-5a5d-45fc-be5d-758c74c5c522,MERCH_041,20858.84,BRL,2025-03-16T06:30:26Z,PS-2025-14780174,SETTLED
9254af27-42ed-465f-ad1a-b355ec6b8456,MERCH_029,18585.9,BRL,2025-03-16T21:26:29Z,PS-2025-61546232,SETTLED
80bc843a-c84d-4ad6-89dc-b5f8054ceb3f,MERCH_036,16442.74,BRL,2025-03-16T15:46:09Z,PS-2025-75269412,SETTLED
030ecde1-4442-43a5-8129-31fa36b3e852,MERCH_036,37340.88,BRL,2025-03-16T00:48:53Z,PS-2025-20641221,SETTLED
21caf2a9-1dae-4177-bf0e-b566579cac33,MERCH_026,44654.74,BRL,2025-03-16T19:06:23Z,PS-2025-67516899,SETTLED
7055e33a-7fec-4ae1-8dc1-928df4244f77,MERCH_045,9990.18,BRL,2025-03-16T15:31:16Z,PS-2025-80460439,SETTLED
afff2d1c-2494-4fa4-80d3-3a81b40774d0,MERCH_046,11474.43,BRL,2025-03-16T14:24:02Z,PS-2025-54493460,SETTLED
2aa662a5-fc05-4047-a1a8-887da737b5e7,MERCH_049,21713.1,BRL,2025-03-16T11:17:09Z,PS-2025-21334884,SETTLED
8e16b0ae-a964-4617-a904-8a2ec6d66b1f,MERCH_040,7444.82,BRL,2025-03-16T21:31:29Z,PS-2025-46757086,SETTLED
66f71d2f-c84b-4ac7-b999-a7c24604e045,MERCH_023,47202.07,BRL,2025-03-16T12:08:27Z,PS-2025-83731067,SETTLED
a624c95e-1478-4ee0-9e98-d47f65e9704a,MERCH_024,815.75,BRL,2025-03-16T09:25:54,PS-2025-82536810,SETTLED
459226d8-2457-4a11-991e-3dad5bf71d12,MERCH_033,2041.64,BRL,2025-03-16T19:03:43Z,PS-2025-91786040,REVERSED
3cd37d3f-b6ed-446c-b665-90bd74c4938d,MERCH_021,10394.52,BRL,2025-03-16T19:01:32Z,PS-2025-74059746,SETTLED
e54017ae-a0ca-42d6-9d3b-add0d2195d7e,MERCH_003,"R$ 18.319,17",BRL,2025-03-16T21:21:59Z,PS-2025-65885406,SETTLED
8295e325-baa1-4d1e-a3f8-5d59a435dbf6,MERCH_015,19259.16,BRL,2025-03-16T07:52:09Z,PS-2025-89258668,SETTLED
261b49c7-2b8a-4e3c-8bfe-604bb00fb51b,MERCH_017,16628.45,BRL,2025-03-16T03:58:00Z,PS-2025-22802899,SETTLED
de645494-7f92-40b3-9484-58b1bfe10616,MERCH_016,26568.11,BRL,2025-03-16T13:00:24Z,PS-2025-81804498,SETTLED
580050aa-8cf1-4702-b01a-4203aebc1359,MERCH_025,2815.17,BRL,2025-03-16T13:39:14Z,PS-2025-68804057,SETTLED
48bf2271-0c0f-40df-ae06-425a7782b7c6,MERCH_037,12620.63,BRL,2025-03-16T03:40:07Z,PS-2025-24969117,SETTLED
3872ad85-d665-4879-8b06-d37bfa846c41,MERCH_006,24133.05,BRL,2025-03-16T13:35:18Z,PS-2025-41447622,REVERSED
c21ef371-8c7a-46cc-a41f-b094ca3bd1b1,MERCH_007,36636.21,BRL,2025-03-16T03:00:31Z,PS-2025-11640743,SETTLED
85e55552-308f-4281-af8c-1c4bf1534afa,MERCH_031,10302.5,BRL,2025-03-16T23:33:41Z,PS-2025-18088890,SETTLED
6d59b70a-45a6-4af1-9262-77878fca46aa,MERCH_033,49087.87,BRL,2025-03-16T16:41:16Z,PS-2025-77539115,SETTLED
dc4d1a5a-9b24-4a1d-bb68-2d1701037ce3,MERCH_009,46228.27,BRL,2025-03-16T16:53:26Z,PS-2025-63694387,SETTLED
ea8ae21b-471f-4763-b318-4f99621e9d2e,MERCH_019,327.63,BRL,2025-03-16T14:37:00Z,PS-2025-40229850,REVERSED
04f78638-c026-4bcf-b707-70a4a7a60656,MERCH_025,18329.56,BRL,2025-03-16T04:04:11Z,PS-2025-42624124,SETTLED
2b794538-aff6-4a0c-b1cb-1a1cce663cbe,MERCH_004,13147.6,BRL,2025-03-16T07:49:19Z,PS-2025-97974419,SETTLED
1b00e30d-ecf0-4701-9d61-0d4fdaa5a517,MERCH_045,11058.87,BRL,2025-03-16T18:59:50Z,PS-2025-49086658,SETTLED
eeedaff5-6d46-4c15-8697-9331d81c0715,MERCH_025,37287.92,BRL,2025-03-16T03:32:52Z,PS-2025-32293702,SETTLED
9824bcdc-ee0a-43de-8668-cf6281d6bcba,MERCH_049,13503.28,BRL,2025-03-16T23:32:37Z,PS-2025-55026244,SETTLED
c364b938-aa59-4144-849b-35371be90c68,MERCH_045,42538.91,BRL,2025-03-16T21:05:38Z,PS-2025-94809528,SETTLED
ea4251ad-da53-4366-88ee-e66e45e53cb7,MERCH_036,19671.95,BRL,2025-03-16T07:00:52Z,PS-2025-67593155,SETTLED
ad046a43-3350-4c87-8ecd-58e43b680a17,MERCH_024,25085.98,BRL,2025-03-16T05:51:48,PS-2025-80234403,SETTLED
d7db9542-e7d9-4148-bbee-d845a572519b,MERCH_017,17201.65,BRL,2025-03-16T17:30:16Z,PS-2025-87470671,SETTLED
4c7fffb6-e004-4acc-b8e9-da5ef91e1e0e,MERCH_029,37291.03,BRL,2025-03-16T21:14:09Z,PS-2025-94051119,SETTLED
ad9544d1-9619-4e1b-a573-df012bc994da,MERCH_028,40351.34,BRL,2025-03-16T05:50:04Z,PS-2025-31400078,SETTLED
030184bd-e0de-46bd-8152-ad1f9c1d1800,MERCH_044,36009.31,BRL,2025-03-16T12:01:16+00:00,PS-2025-80380884,SETTLED
7e1df52d-abd6-44c0-a707-168f65cfe34e,MERCH_030,21885.69,BRL,2025-03-16T04:25:22Z,PS-2025-66932774,REVERSED
8d6909d5-01bc-4fcf-90b7-3b88939fe67b,MERCH_047,47619.32,BRL,2025-03-16T07:52:09Z,PS-2025-11928845,SETTLED
6bf3bc70-40a5-458f-a36d-7090d73f1024,MERCH_018,15294.46,BRL,2025-03-16T15:30:58Z,PS-2025-44191883,SETTLED
2af3ae8a-2c20-4358-99ac-d61c848c5361,MERCH_045,40196.59,BRL,2025-03-16T03:25:08Z,PS-2025-57081034,SETTLED
28690a9d-bb87-4ac0-8061-4513663b0b5b,MERCH_009,30834.45,BRL,2025-03-16T00:47:30Z,PS-2025-63597632,SETTLED
7ee2ec62-c155-4a1d-9b26-0ca5efcf1506,MERCH_038,8852.99,BRL,2025-03-16T16:42:18Z,PS-2025-61212562,SETTLED
5c0e841c-6912-4e66-b32a-ceeeaa72c748,MERCH_023,18804.54,BRL,2025-03-16T16:47:24Z,PS-2025-28603902,SETTLED
93f30d0e-4257-446a-b379-02a664dcb6f7,MERCH_002,46703.46,BRL,2025-03-16T16:33:32Z,PS-2025-58765094,SETTLED
37b1b740-4b98-4847-b689-a5cd7df19ca3,MERCH_011,5467.08,BRL,2025-03-16T21:51:59Z,PS-2025-20395193,SETTLED
33894d02-9e71-4b99-9b42-7d414e1f3362,MERCH_031,6406.14,BRL,2025-03-16T06:27:26Z,PS-2025-15233258,SETTLED
4a912cb4-1158-4726-a3d2-91652c16f2e1,MERCH_027,35177.43,BRL,2025-03-16T02:41:24Z,PS-2025-82705468,REVERSED
3c5d1b24-320c-41b9-840a-e844789498ba,MERCH_038,33652.08,BRL,2025-03-16T02:23:13Z,PS-2025-55960407,SETTLED
38776429-4df5-4e97-898a-d54df7c1c8b9,MERCH_027,18812.15,BRL,2025-03-16T15:58:44Z,PS-2025-79423699,SETTLED
af18357e-00cc-433c-b5b2-c64c6fee5e98,MERCH_048,5870.62,BRL,2025-03-16T02:02:02Z,PS-2025-13536218,SETTLED
ca004767-e01a-496b-a631-5ca4d06ff71f,MERCH_026,6814.63,BRL,2025-03-16T17:21:01Z,PS-2025-43732839,REVERSED
58c38b79-5e17-495c-9b68-4c905cecc1f5,MERCH_002,13475.36,BRL,2025-03-16T15:19:39Z,PS-2025-32015192,SETTLED
3421dfd5-c10c-4222-82ce-67b04b54a0b8,MERCH_036,21595.55,BRL,2025-03-16T22:52:08Z,PS-2025-34258202,SETTLED
a28c1832-b804-470d-97ec-c6f41acfb2d9,MERCH_015,2699.47,BRL,2025-03-16T12:07:46Z,PS-2025-28986566,SETTLED
01426430-f986-4ba8-99ee-1b0b4bca4122,MERCH_004,38970.81,BRL,2025-03-16T18:32:32Z,PS-2025-34704966,SETTLED
5ea6ae0a-1ec5-428e-a6cd-1fbe35addd8a,MERCH_007,17617.04,BRL,2025-03-16T15:04:30Z,PS-2025-55073885,SETTLED
4089c000-9f2b-4a52-88c8-0574baf0960f,MERCH_049,39548.09,BRL,2025-03-16T00:51:43Z,PS-2025-36770013,SETTLED
7cf5c020-8301-4ff6-a853-b44e706d6284,MERCH_012,21765.93,BRL,2025-03-16T15:21:19Z,PS-2025-16665217,SETTLED
ecd40731-80b2-426d-8003-f8caefcaf7c3,MERCH_048,43981.56,BRL,2025-03-16T18:28:47Z,PS-2025-65662309,SETTLED
79c9dca8-d26b-4792-b245-9d224e365447,MERCH_014,15051.6,BRL,2025-03-16T23:17:22Z,PS-2025-10865811,SETTLED
257fe324-bf45-4ad3-8754-c997d5acbe82,MERCH_023,49013.52,BRL,2025-03-16T03:40:54Z,PS-2025-50531871,SETTLED
5a557448-03cb-4cb9-b232-c2da1e3b4b16,MERCH_015,40184.02,BRL,2025-03-16T04:14:24,PS-2025-19979132,SETTLED
bbe9e60b-8e25-456b-a29b-5df151134751,MERCH_033,32016.87,BRL,2025-03-16T10:02:38+00:00,PS-2025-43722078,SETTLED
ca895282-1869-4c0e-8c38-bfbae055c2c8,MERCH_003,47823.76,BRL,2025-03-16T04:00:35Z,PS-2025-54791783,SETTLED
af89702c-f5a8-491a-a2b2-efeeeed0f513,MERCH_017,15735.87,BRL,2025-03-16T17:36:53Z,PS-2025-57868637,REVERSED
79c9dca8-d26b-4792-b245-9d224e365447,MERCH_014,15051.6,BRL,2025-03-16T23:17:22Z,PS-2025-10865811,SETTLED
2681eb6e-46fe-4388-b1ed-019c94c8304e,MERCH_024,7029.9,BRL,2025-03-16T10:27:07Z,PS-2025-35265855,SETTLED
032250fc-cb82-4fe0-8b0d-bac39e185625,MERCH_022,18185.17,BRL,2025-03-16T11:04:43Z,PS-2025-43147569,SETTLED
909093c8-4a72-44bf-9a40-bd378b208be0,MERCH_030,13504.17,BRL,2025-03-16T21:41:25Z,PS-2025-29850853,SETTLED
87c6242b-3a8a-4cb7-a98e-bc3c689ab7af,MERCH_009,16362.32,BRL,2025-03-16T04:51:41Z,PS-2025-66987832,SETTLED
d8fabc82-5cab-4a7a-b7d2-9577bfeb7df1,MERCH_020,25628.84,BRL,2025-03-16T04:41:46Z,PS-2025-21205911,SETTLED
c21fd40e-9f05-4e53-a52d-a85bee7906a3,MERCH_024,43574.95,BRL,2025-03-16T13:01:51Z,PS-2025-87222958,SETTLED
1bcd8dc0-0021-4957-8d97-8f9eb7bb4a22,MERCH_004,37037.47,BRL,2025-03-16T14:53:12Z,PS-2025-28066449,SETTLED
62b6ea5c-6094-442a-8729-788cc45cb192,MERCH_050,12458.61,BRL,2025-03-16T09:37:09Z,PS-2025-51446973,SETTLED
0588545a-07ce-413d-aa21-394028d85942,MERCH_036,38324.78,BRL,2025-03-16T03:44:46Z,PS-2025-75475674,SETTLED
88edef38-19b7-4548-b367-d66346d99602,MERCH_022,21521.84,BRL,2025-03-16T17:46:51Z,PS-2025-43746828,REVERSED
81a6fc52-9ec0-4d8a-b452-7493d69ac514,MERCH_005,34075.31,BRL,2025-03-16T08:41:16Z,PS-2025-71098100,SETTLED
5e67d441-77b5-491e-bed0-e53aec78608f,MERCH_003,48262.13,BRL,2025-03-16T10:56:37Z,PS-2025-86234095,SETTLED
d089ed36-573a-403a-8380-e87640cbc59e,MERCH_019,20544.84,BRL,2025-03-16T05:06:25Z,PS-2025-16446622,SETTLED
74e5247c-307a-4d22-8b37-ac3a6691a3cd,MERCH_033,27669.18,BRL,2025-03-16T02:04:46Z,PS-2025-48576654,SETTLED
63ad20ab-dd42-4690-8dbf-d6909f41e0c6,MERCH_048,49880.29,BRL,2025-03-16T19:02:09Z,PS-2025-58660554,SETTLED
3e732e3a-8854-4cab-a8ea-6fad110d156c,MERCH_040,26431.19,BRL,2025-03-16T05:54:05Z,PS-2025-13253847,SETTLED
c968fd6b-d2a4-42b9-86b5-c32ef71631ff,MERCH_042,10174.07,BRL,2025-03-16T06:43:15Z,PS-2025-84537577,SETTLED
c4f5b729-da10-4e25-bec0-f47d618f31d0,MERCH_028,47751.3,BRL,2025-03-16T01:16:04Z,PS-2025-79437349,SETTLED
b74c160f-34fb-49dd-a592-cf3a2dfd6cd3,MERCH_032,22255.92,BRL,2025-03-16T04:12:07Z,PS-2025-20695820,SETTLED
4472b1c3-c25e-45c0-b99b-4d028b9b68d4,MERCH_004,47285.39,BRL,2025-03-16T04:03:30,PS-2025-78390365,SETTLED
a772da14-fd25-44b7-9a38-afb125dd572b,MERCH_005,19880.72,BRL,2025-03-16T06:55:28Z,PS-2025-20064387,SETTLED
26980a01-ddab-4967-b27e-e884e862a963,MERCH_025,"R$ 1.073,22",BRL,2025-03-16T13:56:21Z,PS-2025-87277029,SETTLED
36eb9cc4-3845-4ec7-9366-eda96984469e,MERCH_023,10590.99,BRL,2025-03-16T08:17:53Z,PS-2025-44818920,SETTLED
85e55552-308f-4281-af8c-1c4bf1534afa,MERCH_031,10302.5,BRL,2025-03-16T23:33:41Z,PS-2025-18088890,SETTLED
66c6da3f-311b-4553-9449-c04cccb14b41,MERCH_049,659.6,BRL,2025-03-16T09:14:20Z,PS-2025-96124034,SETTLED
2de9b02e-da54-4e5a-a6bf-4828763bdc1c,MERCH_034,32543.85,BRL,2025-03-16T06:39:04Z,PS-2025-71212149,SETTLED
c2ab7e35-962a-40ee-a87b-2eb2b6537830,MERCH_009,40775.09,BRL,2025-03-16T20:29:34Z,PS-2025-42723471,SETTLED
bec57242-08f6-441f-aa00-49dd52caf949,MERCH_034,28044.41,BRL,2025-03-16T08:54:48Z,PS-2025-60441933,SETTLED
bda03403-6fa8-4c15-87b3-4d272a24f0e8,MERCH_018,30352.27,BRL,2025-03-16T05:12:33Z,PS-2025-97507034,SETTLED
15301bb2-3b12-4616-847c-2e31df8c12e9,MERCH_026,27949.87,BRL,2025-03-16T16:47:41Z,PS-2025-28869078,SETTLED
e62c76a5-557d-4a62-a1ff-f6229704aeb2,MERCH_033,"R$ 18.899,98",BRL,2025-03-16T00:25:45Z,PS-2025-96500924,SETTLED
a5a6513f-0bd6-450a-93e8-7b0454f7a6a2,MERCH_005,27899.68,BRL,2025-03-16T09:07:18Z,PS-2025-13395111,SETTLED
bf111b26-801b-4d45-aab8-690c00fcc125,MERCH_022,38152.19,BRL,2025-03-16T11:06:36Z,PS-2025-55126455,SETTLED
940ece54-c028-4d7e-98d7-256feb4ed645,MERCH_026,12436.18,BRL,2025-03-16T14:14:09Z,PS-2025-47073335,SETTLED
3ff5d83f-3be4-46fe-b522-3d47eb4b56db,MERCH_043,37970.16,BRL,2025-03-16T09:11:39Z,PS-2025-56619122,SETTLED
f389cc59-2aa9-416b-a655-c6ea6d1076f2,MERCH_045,24977.29,BRL,2025-03-16T16:41:57+00:00,PS-2025-64544291,SETTLED
dd79cc73-4189-4891-918e-a3ef15a9f406,MERCH_046,6162.55,BRL,2025-03-16T09:44:16Z,PS-2025-49827566,SETTLED
d8b7e317-0686-48b8-a3c9-a5e975482cc8,MERCH_030,27075.54,BRL,2025-03-16T09:44:26Z,PS-2025-65141186,SETTLED
935cf0df-ca3b-4806-9f43-90384a80b78a,MERCH_013,47974.17,BRL,2025-03-16T19:51:51Z,PS-2025-74826670,SETTLED
358cd51d-27a9-4813-aaef-64485667cbfc,MERCH_034,2334.51,BRL,2025-03-16T05:15:19+00:00,PS-2025-80491768,SETTLED
2c1a6492-54b1-4984-b38c-e7180650fe26,MERCH_048,11060.68,BRL,2025-03-16T00:39:28Z,PS-2025-91781029,SETTLED
41d6c833-18a0-4c9d-890b-b3a72c70e4f2,MERCH_043,33403.95,BRL,2025-03-16T16:36:50Z,PS-2025-18471523,SETTLED
01ba66f9-1456-4a98-83bb-35f31b263a94,MERCH_006,30403.88,BRL,2025-03-16T23:46:34Z,PS-2025-53082466,SETTLED
813c9018-ee1f-462c-8470-c2b1f084ca7b,MERCH_018,44263.8,BRL,2025-03-16T00:45:58Z,PS-2025-35212534,SETTLED
a738d75c-e9e6-46fd-bef3-0a2ebab943d0,MERCH_040,36384.16,BRL,2025-03-16T18:44:48Z,PS-2025-47811007,REVERSED
1511cbb6-7d47-4d24-aaf0-6416e6c1a08e,MERCH_005,18984.03,BRL,2025-03-16T22:18:34Z,PS-2025-88309763,SETTLED
0b920a55-d5c1-4ca2-a607-58d5d4f76dfb,MERCH_027,38301.18,BRL,2025-03-16T16:02:09Z,PS-2025-27075512,SETTLED
2b872fd5-2e5b-45ec-b409-10bbe5742392,MERCH_017,4557.41,BRL,2025-03-16T22:46:24Z,PS-2025-97793969,SETTLED
299506be-506e-4148-b862-b7223d248a9a,MERCH_029,15887.74,BRL,2025-03-16T11:46:01Z,PS-2025-63509858,SETTLED
414e7de8-3b02-4d08-870a-bdf120b5052d,MERCH_015,41254.13,BRL,2025-03-16T02:14:18Z,PS-2025-21270088,SETTLED
06479e18-744a-49dd-bd36-83bbd141a8b1,MERCH_047,23331.62,BRL,2025-03-16T09:18:02Z,PS-2025-75404850,SETTLED
754d10bc-ab7a-4300-96a8-84c6ece5c409,MERCH_008,44627.42,BRL,2025-03-16T12:16:57Z,PS-2025-75411700,SETTLED
838c2225-72de-4932-a777-51574e6a4b6b,MERCH_028,8969.5,BRL,2025-03-16T00:21:27Z,PS-2025-10751945,SETTLED
af3d4f53-d8f9-4941-a3d1-59da8fb260ab,MERCH_048,38902.94,BRL,2025-03-16T05:27:52Z,PS-2025-57848816,SETTLED
a56a545d-6d7c-41c3-87d5-e7f40f66bf17,MERCH_028,42808.46,BRL,2025-03-16T16:54:34,PS-2025-90969675,SETTLED
acc62b77-44b8-472a-bfc6-47d62c98145a,MERCH_023,31367.98,BRL,2025-03-16T01:17:50+00:00,PS-2025-39556025,SETTLED
099985a5-1551-406e-909c-11fc322f43f2,MERCH_044,41458.6,BRL,2025-03-16T11:51:41Z,PS-2025-67240549,SETTLED
65044ab9-d59c-4e1f-8de0-a8c671ec2fdd,MERCH_008,817.11,BRL,2025-03-16T04:04:39+00:00,PS-2025-23430634,SETTLED
b2546fff-2361-4f15-a9e6-b7648d8552f4,MERCH_035,5309.43,BRL,2025-03-16T13:31:57Z,PS-2025-89715350,SETTLED
ccb601ad-2252-4247-9c1c-de52864628be,MERCH_023,11586.19,BRL,2025-03-16T03:23:47,PS-2025-28906261,SETTLED
ffbf5e5b-9221-472c-8f2d-210e6b8bee2b,MERCH_018,19126.59,BRL,2025-03-16T19:24:48Z,PS-2025-60028002,SETTLED
7e5fc5fe-88a8-4c72-bb2b-d9a7af67f413,MERCH_044,42821.61,BRL,2025-03-16T22:29:04Z,PS-2025-53685593,SETTLED
884ddd88-c2f4-4ca4-92b8-385c8c5ccacc,MERCH_037,5154.98,BRL,2025-03-16T07:43:30Z,PS-2025-20042733,SETTLED
05c3c9b6-86cd-4993-a632-522ce540ce10,MERCH_042,40301.51,BRL,2025-03-16T00:28:14Z,PS-2025-89334010,SETTLED
fac039fc-1b35-4e17-a352-1ac592b81c6c,MERCH_040,19930.58,BRL,2025-03-16T13:14:12Z,PS-2025-19019126,SETTLED
5d96c850-ebc2-417d-94c3-5d350cff6242,MERCH_013,40537.86,BRL,2025-03-16T13:26:20+00:00,PS-2025-10292428,SETTLED
3c38ac51-8655-4052-89f7-4edf119114ea,MERCH_024,25818.04,BRL,2025-03-16T01:55:49Z,PS-2025-28307667,SETTLED
740e2622-65be-4451-b27d-4dd94696ca8a,MERCH_042,"R$ 37.474,80",BRL,2025-03-16T18:47:53Z,PS-2025-84858214,SETTLED
ed1fdc54-3078-405d-8cc8-23bf49d98594,MERCH_044,47741.17,BRL,2025-03-16T03:15:01Z,PS-2025-94139980,SETTLED
3d3c5747-6e22-48ff-a4df-b98b11c72cb3,MERCH_004,13590.98,BRL,2025-03-16T15:25:40Z,PS-2025-61411543,SETTLED
3875513e-f068-46cc-8bef-8d47fb582947,MERCH_034,10524.27,BRL,2025-03-16T11:32:14Z,PS-2025-74153249,SETTLED
44d4cda8-6eaf-4749-bca1-43ae3ad44226,MERCH_018,24653.28,BRL,2025-03-16T03:38:29,PS-2025-24406372,SETTLED
fecc4954-1305-4a4d-ab4f-6fac1793ac8d,MERCH_001,12219.77,BRL,2025-03-16T21:55:59Z,PS-2025-74250209,SETTLED
7fb6c517-12ff-414e-bb7b-7547ab5b63bb,MERCH_016,9747.99,BRL,2025-03-16T16:06:57Z,PS-2025-71237433,SETTLED
32242e9a-5ca7-4154-8280-8046dfe37ded,MERCH_050,9210.36,BRL,2025-03-16T14:43:46Z,PS-2025-44933052,SETTLED
9b244cc7-2be7-4b36-bc33-eda7403f4d14,MERCH_021,"R$ 34.318,07",BRL,2025-03-16T20:55:24Z,PS-2025-99952040,SETTLED
9ef9a1cd-63b7-4da4-9fab-ba205142728e,MERCH_005,32058.45,BRL,2025-03-16T16:33:02Z,PS-2025-92943469,SETTLED
5fb6f671-6ec3-4909-9890-07d0e1a4a101,MERCH_009,40429.69,BRL,2025-03-16T08:25:47,PS-2025-33353610,SETTLED
ba595fc4-4bdf-4083-a118-ee5cc704fd81,MERCH_032,1181.36,BRL,2025-03-16T15:28:45Z,PS-2025-45469712,SETTLED
cc214462-31a7-4cf1-8e18-332fb6ca516f,MERCH_049,17306.12,BRL,2025-03-16T16:58:09Z,PS-2025-35633440,SETTLED
73c525e6-6478-4c96-b578-b01240e68a89,MERCH_046,34121.24,BRL,2025-03-16T02:37:12Z,PS-2025-80887697,SETTLED
7d25abda-5e19-490a-9c14-bc37cfbfae89,MERCH_030,"R$ 25.617,96",BRL,2025-03-16T02:11:41+00:00,PS-2025-14306243,SETTLED
81e0c3dd-1d4b-4b2e-85f1-8626f732cc29,MERCH_034,13920.03,BRL,2025-03-16T07:40:14Z,PS-2025-56619939,SETTLED
e02199ec-bd43-4395-9201-3b02846d4c06,MERCH_034,46248.47,BRL,2025-03-16T06:36:44Z,PS-2025-37390737,REVERSED
673a6ee8-7630-4fae-ab28-fe8189a77c9b,MERCH_043,33170.17,BRL,2025-03-16T12:00:02+00:00,PS-2025-19786069,SETTLED
397af4a2-9aed-4cb1-8573-2f87947b95d4,MERCH_007,32246.52,BRL,2025-03-16T15:02:04+00:00,PS-2025-60283839,SETTLED
ecb806b2-d579-468c-a23a-8f89e093de55,MERCH_036,"R$ 14.161,66",BRL,2025-03-16T17:39:16Z,PS-2025-43193217,SETTLED
6e5a2691-26c1-4566-ae31-eaa65a6e28ca,MERCH_031,25379.3,BRL,2025-03-16T01:03:16Z,PS-2025-18160875,SETTLED
122ac17b-7a78-419c-8a90-140e2700a9a7,MERCH_022,10955.22,BRL,2025-03-16T09:46:08Z,PS-2025-70080733,REVERSED
2eaa3b9d-5856-4d42-a076-b704b0ffe283,MERCH_017,38281.06,BRL,2025-03-16T22:12:34Z,PS-2025-65866810,SETTLED
50d61131-ca2d-4d31-9e0a-a98990035477,MERCH_021,3472.65,BRL,2025-03-16T19:39:48Z,PS-2025-98337685,SETTLED
7700704c-9939-40b7-94de-e6c5ac20cf93,MERCH_001,29138.49,BRL,2025-03-16T07:49:23Z,PS-2025-97135770,SETTLED
ec095469-96bb-4af1-ace2-8d0d91788e25,MERCH_012,7629.57,BRL,2025-03-16T07:22:33Z,PS-2025-45290889,SETTLED
6c3b34c7-26b5-491a-8f49-546ea7b094fa,MERCH_033,10107.94,BRL,2025-03-16T17:15:54,PS-2025-35730441,REVERSED
3dd63d6b-bdca-46a0-a681-794742f30a1a,MERCH_044,7260.53,BRL,2025-03-16T23:55:08Z,PS-2025-11463110,REVERSED
c87eaad5-54e7-4566-b3fd-2a1826189c12,MERCH_018,44043.68,BRL,2025-03-16T04:02:33Z,PS-2025-65536259,SETTLED
e1c8e75d-519d-4f89-8b60-f7a11546a836,MERCH_015,38525.48,BRL,2025-03-16T00:29:50Z,PS-2025-58504268,SETTLED
8b515c93-268c-4406-98cf-2573fde887ce,MERCH_050,31431.0,BRL,2025-03-16T19:05:13Z,PS-2025-50107238,SETTLED
2c9ccdb0-a64f-48ea-a6fc-a7302f459ff6,MERCH_002,29798.76,BRL,2025-03-16T04:02:20Z,PS-2025-34243439,SETTLED
4b15ec04-336b-4959-9bb9-a403ecbd7f90,MERCH_015,39048.29,BRL,2025-03-16T09:40:32Z,PS-2025-85916242,SETTLED
17375c6f-68fc-464a-a3e4-166c52ca4d74,MERCH_034,18625.78,BRL,2025-03-16T20:07:58Z,PS-2025-41555291,SETTLED
dda0c442-0644-46f5-8745-dc6087cc9ffa,MERCH_005,22524.3,BRL,2025-03-16T16:11:24Z,PS-2025-14797564,SETTLED
3006b7d6-1df3-4626-8491-7d7b14b6f23d,MERCH_046,3529.43,BRL,2025-03-16T22:12:38Z,PS-2025-55818870,SETTLED
c3edc1ea-e4a6-4809-95bf-eb5f2053ba42,MERCH_013,34369.95,BRL,2025-03-16T22:46:49Z,PS-2025-70515891,SETTLED
d884c2db-44e5-4324-9955-d00c6d6937a7,MERCH_036,24420.58,BRL,2025-03-16T19:26:47Z,PS-2025-39755270,SETTLED
8149ca6c-674d-4ef7-aca4-290f9d943974,MERCH_039,30704.11,BRL,2025-03-16T12:37:33Z,PS-2025-44158548,SETTLED
4cd9ea4f-9b83-4c2c-9114-e2fc5b93900c,MERCH_017,12254.75,BRL,2025-03-16T04:33:40+00:00,PS-2025-99375941,SETTLED
4d1969cf-2ef3-459d-af5d-293560a338ce,MERCH_008,13714.69,BRL,2025-03-16T00:47:47Z,PS-2025-85990691,SETTLED
c2d2500d-a406-4709-9ca8-171303d19715,MERCH_029,13197.96,BRL,2025-03-16T17:34:29Z,PS-2025-84962645,SETTLED
2b2ef9bf-9399-446f-b58c-aee71ad7fd44,MERCH_008,23389.73,BRL,2025-03-16T07:40:19Z,PS-2025-98359849,SETTLED
6d6708cc-61e1-496c-96e0-0de3835955cf,MERCH_005,22734.39,BRL,2025-03-16T17:20:19Z,PS-2025-29530531,SETTLED
a6b093f1-40b7-4a95-9f0c-1c389b39557a,MERCH_037,33381.18,BRL,2025-03-16T18:53:42Z,PS-2025-96258750,SETTLED
73a958f8-524a-4bee-9526-a0cbc1531f80,MERCH_039,39764.02,BRL,2025-03-16T07:46:59Z,PS-2025-61753132,SETTLED
04ec85d8-cd93-48ff-97aa-7b501d1bed94,MERCH_016,31637.82,BRL,2025-03-16T00:03:03Z,PS-2025-83722452,SETTLED
bf64b1a5-376d-465b-8f78-91cb248b5e4f,MERCH_004,"R$ 47.652,72",BRL,2025-03-16T23:39:44Z,PS-2025-46278860,SETTLED
4968f7cb-473f-4d3b-94d8-24f8a76903d2,MERCH_016,26802.35,BRL,2025-03-16T07:01:16Z,PS-2025-39032170,SETTLED
44ec5f58-5092-485e-8836-b28450b15695,MERCH_039,28765.44,BRL,2025-03-16T02:39:31Z,PS-2025-68035365,SETTLED
3689abe6-5d62-4016-b945-11fe5714d6ab,MERCH_029,24715.38,BRL,2025-03-16T14:01:05Z,PS-2025-90764593,SETTLED
47006430-0cb9-4ad5-8b90-87b580d0e205,MERCH_034,18899.06,BRL,2025-03-16T04:30:06Z,PS-2025-46238606,SETTLED
de4e6eab-2cb2-4379-8481-de5c3e02ae2d,MERCH_002,29369.98,BRL,2025-03-16T04:36:47Z,PS-2025-89479708,SETTLED
844804b5-d0c2-4c25-b158-bb9e4af57bc0,MERCH_037,24685.88,BRL,2025-03-16T10:02:46Z,PS-2025-96750938,SETTLED
27bd0daa-5967-4309-b312-6d6f5c0cedfe,MERCH_026,13359.99,BRL,2025-03-16T23:55:42Z,PS-2025-52702631,SETTLED
ec00c206-36ac-4ff4-853e-51cc122fee94,MERCH_012,8687.27,BRL,2025-03-16T01:10:09Z,PS-2025-66857416,SETTLED
63267fef-bf28-4dbe-9a08-1af87b13c5e1,MERCH_011,7967.39,BRL,2025-03-16T01:04:29Z,PS-2025-73943071,SETTLED
ed7d8e98-891e-4fee-a465-519871dd9bce,MERCH_024,49850.5,BRL,2025-03-16T14:06:47Z,PS-2025-86088145,SETTLED
8a4ecd9d-ad81-4801-9014-fb8d7d59f14b,MERCH_007,35219.9,BRL,2025-03-16T09:59:00Z,PS-2025-49566968,SETTLED
dcbb0f45-13ea-4b37-ad95-d14e551fe158,MERCH_018,16572.07,BRL,2025-03-16T20:35:13Z,PS-2025-78561216,SETTLED
c0891a5f-fe96-4571-9bff-9bea3264c968,MERCH_008,31534.89,BRL,2025-03-16T12:12:33Z,PS-2025-52253072,SETTLED
725ba1ac-18f5-4ca4-a9bd-32ca9a54c67e,MERCH_014,20821.45,BRL,2025-03-16T07:15:49Z,PS-2025-49907513,SETTLED
863e0f45-bee0-4a7c-b8c5-6767284be228,MERCH_022,12623.82,BRL,2025-03-16T21:49:15Z,PS-2025-13158189,SETTLED
d1c7b7a6-1bf0-476e-81f1-ef91d04b9861,MERCH_026,43871.66,BRL,2025-03-16T18:25:14Z,PS-2025-96418337,REVERSED
2fb7998d-4b19-4a52-83a7-d06ab60801ae,MERCH_005,34261.31,BRL,2025-03-16T11:24:19Z,PS-2025-72619624,SETTLED
5d85c79d-5b7d-4722-96a5-3f199f3aa046,MERCH_023,23479.65,BRL,2025-03-16T00:01:34Z,PS-2025-98097063,SETTLED
ae1b2668-c2bc-44c0-8d6b-03db37c4de05,MERCH_025,28439.88,BRL,2025-03-16T14:02:31Z,PS-2025-96705723,SETTLED
78ef2d0d-bcb1-419a-9481-a0cb4771f7d5,MERCH_018,30758.87,BRL,2025-03-16T09:52:14Z,PS-2025-28994170,SETTLED
1ff9b2e0-18ad-41a4-b091-a8d2f32551e8,MERCH_046,"R$ 4.009,66",BRL,2025-03-16T13:57:42Z,PS-2025-89208997,SETTLED
f4575731-eeef-449c-b803-7e6ce831374c,MERCH_048,47115.03,BRL,2025-03-16T18:44:27Z,PS-2025-22722389,SETTLED
005c2c20-239f-4752-8687-e413186b8be2,MERCH_007,27579.5,BRL,2025-03-16T05:14:52Z,PS-2025-38284690,SETTLED
80bbc1bd-d4b5-4aa1-b0b6-4f12daf56598,MERCH_030,8528.83,BRL,2025-03-16T21:50:36Z,PS-2025-84590103,SETTLED
af991e30-35bc-4152-81b6-2ab8dab1fd2f,MERCH_035,34361.16,BRL,2025-03-16T05:28:09Z,PS-2025-23948250,SETTLED
f5e4f7c5-4c79-473f-843b-ffdaefe40c27,MERCH_037,18462.94,BRL,2025-03-16T06:29:11Z,PS-2025-91948851,SETTLED
252c13f0-a485-4141-8bd4-ababe4e090f7,MERCH_020,"R$ 23.778,45",BRL,2025-03-16T05:20:00Z,PS-2025-17004714,SETTLED
9a48fd30-1561-42b5-9dcc-93a052b01ef8,MERCH_015,40502.34,BRL,2025-03-16T03:30:09Z,PS-2025-64764506,SETTLED
e86b0445-d5f9-49c4-8a5a-ce51b866afc3,MERCH_049,15355.2,BRL,2025-03-16T00:35:22Z,PS-2025-76992183,SETTLED
a326fcfb-6fcc-4efe-a172-e1cb67b60703,MERCH_008,34031.91,BRL,2025-03-16T07:05:43Z,PS-2025-57504552,SETTLED
dba0f66f-6ff3-4df4-a1cc-da9ef6b53af7,MERCH_045,28708.67,BRL,2025-03-16T05:28:35Z,PS-2025-54002223,SETTLED
24ca790a-dbfd-402b-be9f-9b7b4bd0ba3e,MERCH_034,20749.67,BRL,2025-03-16T10:40:15Z,PS-2025-79605270,SETTLED
d307bdb5-77d5-42a9-b857-9c59c08a3b1a,MERCH_016,44753.97,BRL,2025-03-16T07:59:40Z,PS-2025-81421511,SETTLED
08ce98b2-bb09-412e-a7fa-182bb67c374a,MERCH_037,36114.21,BRL,2025-03-16T19:39:08Z,PS-2025-54733168,SETTLED
1449515a-7e8a-453a-a7b3-26c6f5d080ff,MERCH_046,9717.18,BRL,2025-03-16T10:06:09,PS-2025-52477264,REVERSED
461ccbb9-c236-4b08-a003-e916d2c89325,MERCH_035,32705.71,BRL,2025-03-16T03:22:50Z,PS-2025-61917499,SETTLED
7c10b3bb-84b1-4165-98da-01fa62fbf1dd,MERCH_039,5397.51,BRL,2025-03-16T21:32:06Z,PS-2025-57641606,SETTLED
771d2fad-29dc-41f2-87f6-b2fb3cd8ec60,MERCH_011,49520.75,BRL,2025-03-16T00:37:59Z,PS-2025-32455261,SETTLED
cb8a18c4-3b66-4d37-8e76-35e6bf3e702c,MERCH_024,"R$ 28.898,20",BRL,2025-03-16T03:56:35Z,PS-2025-70006771,SETTLED
62d3f247-6a7c-4388-8efe-80e3c813b742,MERCH_048,5733.91,BRL,2025-03-16T16:33:09Z,PS-2025-57058571,SETTLED
ccb945b4-cddb-43ad-a8d4-8bb2906d7365,MERCH_005,32638.47,BRL,2025-03-16T17:03:18Z,PS-2025-17337905,SETTLED
ea138e13-e31c-41bd-97fd-21e663e296d3,MERCH_002,30095.74,BRL,2025-03-16T04:45:02Z,PS-2025-97826062,SETTLED
9b1db73b-5e26-4743-99eb-cb6ccdfc0646,MERCH_041,28980.05,BRL,2025-03-16T11:15:43Z,PS-2025-26503581,SETTLED
f8c64b99-078c-4186-bc90-8af8754f4eb9,MERCH_027,16193.39,BRL,2025-03-16T21:03:43Z,PS-2025-52481963,SETTLED
635aecc7-5608-440a-95e2-287dce79e9a2,MERCH_035,"R$ 10.582,53",BRL,2025-03-16T17:14:10Z,PS-2025-66763408,SETTLED
26e42edc-ceb6-4fe4-8139-c7224e737441,MERCH_026,20914.82,BRL,2025-03-16T12:49:00Z,PS-2025-58744480,SETTLED
766a5d59-c767-49af-9ec6-b5b2307bf037,MERCH_002,23692.38,BRL,2025-03-16T09:00:01Z,PS-2025-17469640,SETTLED
47087ac8-f066-4520-bf6f-b02e2dee4863,MERCH_020,10185.71,BRL,2025-03-16T17:42:08Z,PS-2025-40942008,SETTLED
3a4e7cbb-3874-437e-8d71-8aa757e75028,MERCH_035,27170.51,BRL,2025-03-16T23:23:06Z,PS-2025-24916551,SETTLED
adf03a58-ee46-46fc-b3ed-9491b07914a0,MERCH_028,33928.23,BRL,2025-03-16T12:54:42Z,PS-2025-23171952,SETTLED
514f9b56-776e-4eb2-9059-05a8326c5114,MERCH_009,33507.26,BRL,2025-03-16T14:17:46Z,PS-2025-79525894,SETTLED
0883e23d-733d-486c-83d0-d401604baf7b,MERCH_027,49890.67,BRL,2025-03-16T08:10:36Z,PS-2025-82338977,SETTLED
0be108a6-7549-4f1e-aa2c-c13c319d37fe,MERCH_035,12939.87,BRL,2025-03-16T01:59:04Z,PS-2025-70434208,SETTLED
7f70ffb5-9292-4f7d-bba6-f050072f3ca4,MERCH_043,36675.69,BRL,2025-03-16T11:20:42Z,PS-2025-65079671,SETTLED
bc7a5f34-419c-4ad8-9888-722094b92ec4,MERCH_003,45114.8,BRL,2025-03-16T03:12:16Z,PS-2025-10663217,SETTLED
304af51b-34cc-4596-bd55-b16d14abcd5f,MERCH_023,8694.13,BRL,2025-03-16T14:12:52,PS-2025-68707047,SETTLED
be7d7799-8ee7-48cd-aa07-8feec657a0cd,MERCH_047,9026.92,BRL,2025-03-16T17:10:33Z,PS-2025-98436745,SETTLED
133ef11a-2567-4b47-a50d-3e0984439ca5,MERCH_002,15895.58,BRL,2025-03-16T23:03:04Z,PS-2025-64219394,SETTLED
f1225096-7aec-4cc6-bd4c-6050683e4cc2,MERCH_002,30816.86,BRL,2025-03-16T03:15:49Z,PS-2025-93728466,SETTLED
e3cb7ccd-df4b-4794-a63b-9c1bb14cff45,MERCH_049,4828.95,BRL,2025-03-16T22:20:27Z,PS-2025-86670472,SETTLED
653d20dd-0579-432a-ab22-69a38a967d8d,MERCH_006,5907.02,BRL,2025-03-16T10:26:42Z,PS-2025-29917719,SETTLED
c8df9ee0-c00c-4992-888c-7355260c661b,MERCH_047,17756.03,BRL,2025-03-16T14:02:12Z,PS-2025-20495780,SETTLED
d4a7fccb-3e1d-43ba-a58c-18c1e8882789,MERCH_006,22942.95,BRL,2025-03-16T17:42:45Z,PS-2025-54793672,SETTLED
8b2081d6-88f5-4639-acec-799557eb8107,MERCH_037,11208.82,BRL,2025-03-16T19:40:49Z,PS-2025-43739900,SETTLED
76f4cf8d-2c8e-420c-b140-5c8ee7a47318,MERCH_021,42291.7,BRL,2025-03-16T03:00:55Z,PS-2025-18365183,SETTLED
3121593f-b23d-4204-afc3-4d45c4de4987,MERCH_043,46046.0,BRL,2025-03-16T17:15:18,PS-2025-28703143,SETTLED
dc160d14-7f46-4d75-a478-03f3f660808e,MERCH_033,21560.72,BRL,2025-03-16T05:15:58Z,PS-2025-92844702,SETTLED
bcb97f65-c507-4cb9-8d9e-5c46782aeee5,MERCH_020,12541.03,BRL,2025-03-16T03:49:52Z,PS-2025-72028610,SETTLED
ff555541-2fbd-433b-b37c-848c62fb63b8,MERCH_009,7014.22,BRL,2025-03-16T06:38:30Z,PS-2025-73107095,SETTLED
2b66f2f0-586b-4678-a994-16b2ec926cb0,MERCH_010,1051.13,BRL,2025-03-16T17:16:46Z,PS-2025-32914336,SETTLED
3c21fb7f-5d8a-4476-b7f7-678ae8f0e60b,MERCH_030,15010.07,BRL,2025-03-16T17:10:49Z,PS-2025-30749745,SETTLED
278641cf-0515-445b-be7f-1541f869d43f,MERCH_048,1554.92,BRL,2025-03-16T05:09:24Z,PS-2025-67810328,SETTLED
764a21e1-a6d7-49eb-b4da-013734f5ddf6,MERCH_016,6936.87,BRL,2025-03-16T07:53:57Z,PS-2025-26989313,SETTLED
e9940390-eff6-4d6f-8c9d-bfa5f320046d,MERCH_026,20210.01,BRL,2025-03-16T00:12:23Z,PS-2025-28781124,SETTLED
b6c0a495-1e76-40cf-9e39-e5dc0ed1267f,MERCH_046,48522.16,BRL,2025-03-16T19:34:41Z,PS-2025-43282231,SETTLED
4539796a-4bef-4a36-929d-54983ebc2cde,MERCH_007,29765.59,BRL,2025-03-16T21:24:19Z,PS-2025-84847472,SETTLED
2308191d-f22c-4c36-ab56-4cf1e09c3bda,MERCH_006,40695.3,BRL,2025-03-16T17:06:58Z,PS-2025-36652012,SETTLED
a08b82cb-397b-4a46-ac45-534e4c23d376,MERCH_034,23675.61,BRL,2025-03-16T22:25:25Z,PS-2025-39050549,SETTLED
63a8b4a9-c965-4345-a79d-995e54be3978,MERCH_022,41496.42,BRL,2025-03-16T03:04:56Z,PS-2025-23072680,SETTLED
090236d7-5bdd-4e2d-b8b8-f58c5f170b37,MERCH_001,25104.64,BRL,2025-03-16T10:18:48Z,PS-2025-21543189,SETTLED
bb5a1eeb-13b7-4ba6-86b3-fe6c2ec37350,MERCH_017,"R$ 11.767,30",BRL,2025-03-16T07:59:08Z,PS-2025-12302458,SETTLED
3970250d-ec43-48b0-948f-251eb7a35115,MERCH_007,16657.27,BRL,2025-03-16T08:17:22Z,PS-2025-44273540,SETTLED
23d6e95c-38f4-4888-8cb5-ee6e748ee871,MERCH_013,9913.23,BRL,2025-03-16T23:02:00Z,PS-2025-32383617,SETTLED
02c02b5b-1467-4ac0-9928-0aebe61847d4,MERCH_028,48556.95,BRL,2025-03-16T21:35:17Z,PS-2025-75369583,SETTLED
f8988a5a-16de-4c8a-b6ef-099e2a45700b,MERCH_030,47166.75,BRL,2025-03-16T00:08:01,PS-2025-95753906,SETTLED
41a54484-a6f7-40cd-94f6-0991fb64cb4d,MERCH_040,10757.55,BRL,2025-03-16T03:38:10Z,PS-2025-88076270,SETTLED
fea27b55-5ed9-4ba5-b440-c70570b926ca,MERCH_036,22007.89,BRL,2025-03-16T18:37:31Z,PS-2025-45232032,SETTLED
3705ebd1-734a-4aaa-b942-8ebfa163f798,MERCH_050,18661.83,BRL,2025-03-16T08:50:04Z,PS-2025-49371856,SETTLED
d1ba3c23-216c-409a-936d-ff0d0118cbe9,MERCH_017,7964.28,BRL,2025-03-16T10:32:05Z,PS-2025-63836946,SETTLED
e85d70cc-e472-4cf3-abf3-a3c3cc11d6df,MERCH_040,23691.91,BRL,2025-03-16T07:33:14Z,PS-2025-84987083,SETTLED
dc5741f7-bdb4-44d3-b607-21d0fcc4bf1e,MERCH_039,41133.21,BRL,2025-03-16T12:24:02Z,PS-2025-76971243,SETTLED
597a4862-5942-4e5f-a892-2ca089eacb6b,MERCH_004,45517.26,BRL,2025-03-16T19:11:02Z,PS-2025-89074084,SETTLED
ef39f241-5b01-41b7-8707-c300e53ea698,MERCH_004,9942.18,BRL,2025-03-16T01:37:13Z,PS-2025-10432769,SETTLED
517d2a77-a1ca-4f7f-b48c-75b9ef69e9f7,MERCH_016,22364.17,BRL,2025-03-16T10:27:33Z,PS-2025-33648417,SETTLED
f16729bf-92b8-437f-ac3b-21472b80c41b,MERCH_042,26592.8,BRL,2025-03-16T20:19:36Z,PS-2025-21774955,SETTLED
327c1699-f92b-4077-87fc-eb9228063de9,MERCH_028,14656.17,BRL,2025-03-16T07:16:26Z,PS-2025-71898476,SETTLED
0caf5e2c-9ca5-4e1b-b918-d3487f54b329,MERCH_048,26805.29,BRL,2025-03-16T20:50:39Z,PS-2025-92316265,SETTLED
e28bb497-d1c5-4ba6-a65c-2e15775889ab,MERCH_019,31726.81,BRL,2025-03-16T04:45:11,PS-2025-97580116,SETTLED
b4fdc48c-f40a-4e7f-8b4f-a1882f21ed1a,MERCH_006,7095.48,BRL,2025-03-16T23:08:40Z,PS-2025-70588691,SETTLED
a8102260-f8f9-4e8f-964f-46cb7fef078a,MERCH_008,30926.81,BRL,2025-03-16T18:49:00Z,PS-2025-30921437,SETTLED
c4644c9d-d17e-40c1-b967-95734fbfb1e7,MERCH_043,42516.95,BRL,2025-03-16T18:37:01Z,PS-2025-42120359,SETTLED
4e991692-96b7-4166-86e6-856ef951f0c5,MERCH_048,6945.33,BRL,2025-03-16T01:44:29Z,PS-2025-68476310,SETTLED
44db382e-8d21-4988-9859-e9fd0a51cfd1,MERCH_024,31615.68,BRL,2025-03-16T17:08:29,PS-2025-96912487,SETTLED
f55cff26-1c3d-4d68-8685-c8d0b1fb4707,MERCH_009,32282.41,BRL,2025-03-16T14:29:50+00:00,PS-2025-38351125,SETTLED
54b5590f-ea8f-4c7c-b3d1-08546dd21b4c,MERCH_029,28558.42,BRL,2025-03-16T19:45:46Z,PS-2025-46070658,SETTLED
fff70cfa-c0af-4116-9923-23d9de064c4f,MERCH_007,39619.1,BRL,2025-03-16T20:37:53,PS-2025-76964850,SETTLED
82c1b4fc-5448-48fc-8602-da38464cfd2a,MERCH_037,22114.82,BRL,2025-03-16T20:03:24Z,PS-2025-94530413,SETTLED
63fa9eb9-8f26-4956-981c-5f8858d1f736,MERCH_005,35457.05,BRL,2025-03-16T02:41:48Z,PS-2025-55961908,SETTLED
